{
    "J": [
        {
            "hit.name:": "bS6",
            "hit.evalue:": 4.380089682357854e-22,
            "hit.score:": 72.17918395996094
        }
    ],
    "M": [
        {
            "hit.name:": "uS9",
            "hit.evalue:": 6.2374703634122296e-58,
            "hit.score:": 188.23609924316406
        }
    ],
    "N": [
        {
            "hit.name:": "uS10",
            "hit.evalue:": 5.377873348735851e-49,
            "hit.score:": 158.02586364746094
        }
    ],
    "O": [
        {
            "hit.name:": "uS11",
            "hit.evalue:": 4.7425983680320686e-61,
            "hit.score:": 198.23208618164062
        }
    ],
    "T": [
        {
            "hit.name:": "bS16",
            "hit.evalue:": 1.5859261190515746e-37,
            "hit.score:": 120.71112823486328
        }
    ],
    "e": [
        {
            "hit.name:": "uL6",
            "hit.evalue:": 4.070545876223582e-74,
            "hit.score:": 241.4475555419922
        }
    ],
    "f": [
        {
            "hit.name:": "uL13",
            "hit.evalue:": 2.300736049053322e-64,
            "hit.score:": 208.8129119873047
        }
    ],
    "g": [
        {
            "hit.name:": "uL14",
            "hit.evalue:": 6.586572754709823e-66,
            "hit.score:": 213.3739013671875
        }
    ],
    "h": [
        {
            "hit.name:": "uL15",
            "hit.evalue:": 2.9919015705211833e-40,
            "hit.score:": 130.68954467773438
        }
    ],
    "l": [
        {
            "hit.name:": "bL19",
            "hit.evalue:": 2.1887978181952075e-48,
            "hit.score:": 156.47439575195312
        }
    ],
    "n": [
        {
            "hit.name:": "bL21",
            "hit.evalue:": 2.0537892325333624e-39,
            "hit.score:": 127.51766967773438
        }
    ],
    "q": [
        {
            "hit.name:": "uL24",
            "hit.evalue:": 3.786934446452722e-40,
            "hit.score:": 129.9307861328125
        }
    ],
    "r": [
        {
            "hit.name:": "bL25",
            "hit.evalue:": 3.123207710477854e-49,
            "hit.score:": 160.3609619140625
        }
    ],
    "t": [
        {
            "hit.name:": "uL29",
            "hit.evalue:": 1.8214056209780234e-31,
            "hit.score:": 101.34986877441406
        }
    ],
    "x": [
        {
            "hit.name:": "bL33",
            "hit.evalue:": 9.843211770484863e-29,
            "hit.score:": 92.43003845214844
        },
        {
            "hit.name:": "eL42",
            "hit.evalue:": 0.002378533598080009,
            "hit.score:": 11.939327239990234
        }
    ],
    "1": [
        {
            "hit.name:": "bL36",
            "hit.evalue:": 3.4001886848865416e-27,
            "hit.score:": 87.69414520263672
        }
    ],
    "G": [
        {
            "hit.name:": "uS3",
            "hit.evalue:": 9.498696563822597e-99,
            "hit.score:": 322.8283996582031
        }
    ],
    "H": [
        {
            "hit.name:": "uS4",
            "hit.evalue:": 4.608346555117986e-98,
            "hit.score:": 320.3899230957031
        }
    ],
    "I": [
        {
            "hit.name:": "uS5",
            "hit.evalue:": 9.94709669675142e-69,
            "hit.score:": 223.29702758789062
        }
    ],
    "K": [
        {
            "hit.name:": "uS7",
            "hit.evalue:": 2.4033746705417423e-76,
            "hit.score:": 248.1895294189453
        }
    ],
    "L": [
        {
            "hit.name:": "uS8",
            "hit.evalue:": 8.230105906782211e-57,
            "hit.score:": 183.89129638671875
        }
    ],
    "P": [
        {
            "hit.name:": "uS12",
            "hit.evalue:": 7.403742079792094e-71,
            "hit.score:": 229.3339385986328
        }
    ],
    "2": [
        {
            "hit.name:": "uL10",
            "hit.evalue:": 1.6174410568881745e-43,
            "hit.score:": 141.71817016601562
        }
    ],
    "Q": [
        {
            "hit.name:": "uS13",
            "hit.evalue:": 2.7001555117357055e-64,
            "hit.score:": 208.30245971679688
        }
    ],
    "R": [
        {
            "hit.name:": "uS14",
            "hit.evalue:": 3.605376098373611e-33,
            "hit.score:": 106.8702621459961
        }
    ],
    "S": [
        {
            "hit.name:": "uS15",
            "hit.evalue:": 5.241390531412529e-42,
            "hit.score:": 135.400390625
        }
    ],
    "U": [
        {
            "hit.name:": "uS17",
            "hit.evalue:": 5.3054799101632404e-37,
            "hit.score:": 118.96992492675781
        }
    ],
    "V": [
        {
            "hit.name:": "bS18",
            "hit.evalue:": 2.8778371180990473e-27,
            "hit.score:": 88.09815216064453
        }
    ],
    "W": [
        {
            "hit.name:": "uS19",
            "hit.evalue:": 4.5725257014533565e-49,
            "hit.score:": 157.9368896484375
        }
    ],
    "X": [
        {
            "hit.name:": "bS20",
            "hit.evalue:": 6.4065792871053e-28,
            "hit.score:": 90.92715454101562
        }
    ],
    "Y": [
        {
            "hit.name:": "bTHX",
            "hit.evalue:": 6.2958573917573656e-21,
            "hit.score:": 67.38629913330078
        }
    ],
    "Z": [
        {
            "hit.name:": "uL1",
            "hit.evalue:": 1.375738980603794e-126,
            "hit.score:": 414.0841064453125
        }
    ],
    "3": [
        {
            "hit.name:": "uL11",
            "hit.evalue:": 5.483383044043393e-71,
            "hit.score:": 230.3910675048828
        }
    ],
    "a": [
        {
            "hit.name:": "uL2",
            "hit.evalue:": 7.578359053990912e-145,
            "hit.score:": 474.89617919921875
        }
    ],
    "b": [
        {
            "hit.name:": "uL3",
            "hit.evalue:": 1.714865386427627e-92,
            "hit.score:": 301.982666015625
        }
    ],
    "c": [
        {
            "hit.name:": "uL4",
            "hit.evalue:": 1.1912245160924679e-67,
            "hit.score:": 220.45240783691406
        }
    ],
    "d": [
        {
            "hit.name:": "uL5",
            "hit.evalue:": 2.533474957374102e-89,
            "hit.score:": 291.02911376953125
        }
    ],
    "i": [
        {
            "hit.name:": "uL16",
            "hit.evalue:": 4.1484755350954885e-72,
            "hit.score:": 233.98985290527344
        }
    ],
    "j": [
        {
            "hit.name:": "bL17",
            "hit.evalue:": 2.01465131994621e-49,
            "hit.score:": 159.89132690429688
        }
    ],
    "k": [
        {
            "hit.name:": "uL18",
            "hit.evalue:": 9.410599931060751e-46,
            "hit.score:": 148.37286376953125
        }
    ],
    "m": [
        {
            "hit.name:": "bL20",
            "hit.evalue:": 1.3873998482759906e-52,
            "hit.score:": 170.23416137695312
        }
    ],
    "o": [
        {
            "hit.name:": "uL22",
            "hit.evalue:": 2.1151729501200245e-52,
            "hit.score:": 169.81825256347656
        }
    ],
    "p": [
        {
            "hit.name:": "uL23",
            "hit.evalue:": 1.4417873426581668e-37,
            "hit.score:": 121.4042739868164
        }
    ],
    "s": [
        {
            "hit.name:": "bL27",
            "hit.evalue:": 6.982775249922555e-43,
            "hit.score:": 138.05441284179688
        }
    ],
    "u": [
        {
            "hit.name:": "uL30",
            "hit.evalue:": 8.915911681687363e-26,
            "hit.score:": 82.89327239990234
        }
    ],
    "v": [
        {
            "hit.name:": "bL31",
            "hit.evalue:": 1.4397712655845124e-37,
            "hit.score:": 120.78372192382812
        }
    ],
    "w": [
        {
            "hit.name:": "bL32",
            "hit.evalue:": 1.201820816027156e-28,
            "hit.score:": 92.37944793701172
        }
    ],
    "y": [
        {
            "hit.name:": "bL34",