{
    "SA": [
        {
            "hit.name:": "uS2",
            "hit.evalue:": 1.9326528814563385e-146,
            "hit.score:": 480.1578674316406
        }
    ],
    "SB": [
        {
            "hit.name:": "eS1",
            "hit.evalue:": 3.700551111459831e-137,
            "hit.score:": 449.3963317871094
        }
    ],
    "SD": [
        {
            "hit.name:": "uS3",
            "hit.evalue:": 1.8472459992551597e-154,
            "hit.score:": 505.1905822753906
        }
    ],
    "SE": [
        {
            "hit.name:": "eS4",
            "hit.evalue:": 4.329447895887119e-176,
            "hit.score:": 576.4677734375
        }
    ],
    "SF": [
        {
            "hit.name:": "uS7",
            "hit.evalue:": 7.321959742604184e-128,
            "hit.score:": 417.30828857421875
        }
    ],
    "SH": [
        {
            "hit.name:": "eS7",
            "hit.evalue:": 5.15405789902944e-103,
            "hit.score:": 336.1684265136719
        }
    ],
    "SI": [
        {
            "hit.name:": "eS8",
            "hit.evalue:": 2.1849475614046194e-133,
            "hit.score:": 435.4311828613281
        }
    ],
    "SK": [
        {
            "hit.name:": "eS10",
            "hit.evalue:": 1.1695837538211609e-61,
            "hit.score:": 200.63018798828125
        }
    ],
    "SL": [
        {
            "hit.name:": "uS17",
            "hit.evalue:": 4.188459452108908e-104,
            "hit.score:": 338.28375244140625
        }
    ],
    "SP": [
        {
            "hit.name:": "uS19",
            "hit.evalue:": 3.576611438781803e-87,
            "hit.score:": 282.76483154296875
        }
    ],
    "SQ": [
        {
            "hit.name:": "uS9",
            "hit.evalue:": 5.944390328263451e-97,
            "hit.score:": 314.6800537109375
        }
    ],
    "SR": [
        {
            "hit.name:": "eS17",
            "hit.evalue:": 4.225406133000583e-88,
            "hit.score:": 285.61199951171875
        }
    ],
    "SS": [
        {
            "hit.name:": "uS13",
            "hit.evalue:": 4.82214967078195e-96,
            "hit.score:": 312.0648193359375
        }
    ],
    "ST": [
        {
            "hit.name:": "eS19",
            "hit.evalue:": 5.124954326312667e-84,
            "hit.score:": 272.82049560546875
        }
    ],
    "SU": [
        {
            "hit.name:": "uS10",
            "hit.evalue:": 6.130948635853512e-73,
            "hit.score:": 236.0376434326172
        }
    ],
    "SV": [
        {
            "hit.name:": "eS21",
            "hit.evalue:": 1.248849935597232e-54,
            "hit.score:": 175.937744140625
        }
    ],
    "SX": [
        {
            "hit.name:": "uS12",
            "hit.evalue:": 2.9798857951328833e-96,
            "hit.score:": 312.250732421875
        }
    ],
    "Sa": [
        {
            "hit.name:": "eS26",
            "hit.evalue:": 8.668814794411182e-64,
            "hit.score:": 206.5109100341797
        }
    ],
    "Sc": [
        {
            "hit.name:": "eS28",
            "hit.evalue:": 1.0790620254267495e-45,
            "hit.score:": 147.0226593017578
        }
    ],
    "Sd": [
        {
            "hit.name:": "uS14",
            "hit.evalue:": 1.4711841232522732e-43,
            "hit.score:": 139.86212158203125
        }
    ],
    "Sg": [
        {
            "hit.name:": "RACK1",
            "hit.evalue:": 7.690260811833332e-223,
            "hit.score:": 731.4735717773438
        },
        {
            "hit.name:": "eIF3_subunitI",
            "hit.evalue:": 4.109211394928547e-13,
            "hit.score:": 42.3113899230957
        }
    ],
    "SC": [
        {
            "hit.name:": "uS5",
            "hit.evalue:": 3.830787754581686e-155,
            "hit.score:": 508.36029052734375
        }
    ],
    "SG": [
        {
            "hit.name:": "eS6",
            "hit.evalue:": 1.3272507885804856e-135,
            "hit.score:": 443.8474426269531
        }
    ],
    "SJ": [
        {
            "hit.name:": "uS4",
            "hit.evalue:": 1.816688362319308e-117,
            "hit.score:": 383.41986083984375
        }
    ],
    "SM": [
        {
            "hit.name:": "eS12",
            "hit.evalue:": 1.207461559866777e-69,
            "hit.score:": 225.4814453125
        }
    ],
    "SN": [
        {
            "hit.name:": "uS15",
            "hit.evalue:": 2.989868075466995e-97,
            "hit.score:": 315.995361328125
        }
    ],
    "SO": [
        {
            "hit.name:": "uS11",
            "hit.evalue:": 1.763060588172341e-95,
            "hit.score:": 309.9871520996094
        }
    ],
    "SW": [
        {
            "hit.name:": "uS8",
            "hit.evalue:": 5.06224680973752e-86,
            "hit.score:": 278.4908752441406
        }
    ],
    "SY": [
        {
            "hit.name:": "eS24",
            "hit.evalue:": 4.956938415216426e-80,
            "hit.score:": 259.2481384277344
        }
    ],
    "SZ": [
        {
            "hit.name:": "eS25",
            "hit.evalue:": 2.244429285920144e-44,
            "hit.score:": 143.74049377441406
        }
    ],
    "Sb": [
        {
            "hit.name:": "eS27",
            "hit.evalue:": 7.991371122357185e-56,
            "hit.score:": 179.36904907226562
        }
    ],
    "Se": [
        {
            "hit.name:": "eS30",
            "hit.evalue:": 5.721136083927432e-40,
            "hit.score:": 128.6824493408203
        }
    ],
    "Sf": [
        {
            "hit.name:": "eS31",
            "hit.evalue:": 1.7533191713557599e-43,
            "hit.score:": 141.3249969482422
        }
    ],
    "A": [
        {
            "hit.name:": "uL2",
            "hit.evalue:": 1.2334850037078187e-166,
            "hit.score:": 545.6370239257812
        }
    ],
    "C": [
        {
            "hit.name:": "uL4",
            "hit.evalue:": 2.7067603300849166e-232,
            "hit.score:": 763.9939575195312
        }
    ],
    "G": [
        {
            "hit.name:": "eL6",
            "hit.evalue:": 1.0028663367767169e-138,
            "hit.score:": 454.5348815917969
        }
    ],
    "H": [
        {
            "hit.name:": "uL30",
            "hit.evalue:": 5.791814986258862e-134,
            "hit.score:": 438.529052734375
        }
    ],
    "I": [
        {
            "hit.name:": "eL8",
            "hit.evalue:": 6.896071834561871e-154,
            "hit.score:": 504.1510314941406
        },
        {
            "hit.name:": "eS12",
            "hit.evalue:": 2.8755731184702678e-05,
            "hit.score:": 17.011489868164062
        }
    ],
    "J": [
        {
            "hit.name:": "uL6",
            "hit.evalue:": 2.4110531748519382e-119,
            "hit.score:": 389.1741943359375
        }
    ],
    "K": [
        {
            "hit.name:": "uL16",
            "hit.evalue:": 7.854340209655757e-136,
            "hit.score:": 443.75592041015625
        }
    ],
    "L": [
        {
            "hit.name:": "uL5",
            "hit.evalue:": 1.0358712277854695e-116,
            "hit.score:": 380.1265563964844
        }
    ],
    "M": [
        {
            "hit.name:": "eL13",
            "hit.evalue:": 3.8769036927968136e-117,
            "hit.score:": 382.8332214355469
        }
    ],
    "N": [
        {
            "hit.name:": "eL14",
            "hit.evalue:": 1.4424084858594525e-72,
            "hit.score:": 235.45291137695312
        }
    ],
    "O": [
        {
            "hit.name:": "eL15",
            "hit.evalue:": 1.1779324212823757e-130,
            "hit.score:": 426.8006286621094
        }
    ],
    "P": [
        {
            "hit.name:": "uL13",
            "hit.evalue:": 1.923598157998102e-111,
            "hit.score:": 363.6967468261719
        }
    ],
    "Q": [
        {
            "hit.name:": "uL22",
            "hit.evalue:": 2.4145794626599047e-98,
            "hit.score:": 320.3812561035156
        }
    ],