{
    "LA0": [
        {
            "hit.name:": "uL2",
            "hit.evalue:": 1.7182873483812918e-86,
            "hit.score:": 283.1164245605469
        }
    ],
    "LAA": [
        {
            "hit.name:": "uL15",
            "hit.evalue:": 2.1093265876158015e-54,
            "hit.score:": 177.0638885498047
        }
    ],
    "LB0": [
        {
            "hit.name:": "uL3",
            "hit.evalue:": 9.561176491449451e-148,
            "hit.score:": 485.4425048828125
        }
    ],
    "LC0": [
        {
            "hit.name:": "uL4",
            "hit.evalue:": 1.719826732460135e-119,
            "hit.score:": 392.4087219238281
        }
    ],
    "LCC": [
        {
            "hit.name:": "eL30",
            "hit.evalue:": 3.2293909854561037e-32,
            "hit.score:": 103.86421203613281
        }
    ],
    "LD0": [
        {
            "hit.name:": "uL18",
            "hit.evalue:": 2.5788631995384145e-91,
            "hit.score:": 299.4622802734375
        }
    ],
    "LDD": [
        {
            "hit.name:": "eL31",
            "hit.evalue:": 4.244267867799127e-21,
            "hit.score:": 68.502685546875
        }
    ],
    "LE0": [
        {
            "hit.name:": "eL6",
            "hit.evalue:": 7.173449106851057e-13,
            "hit.score:": 42.271949768066406
        }
    ],
    "LEE": [
        {
            "hit.name:": "eL32",
            "hit.evalue:": 1.3302466829956144e-47,
            "hit.score:": 154.4803924560547
        }
    ],
    "LF0": [
        {
            "hit.name:": "uL30",
            "hit.evalue:": 1.1866642985310159e-48,
            "hit.score:": 158.918701171875
        }
    ],
    "LFF": [
        {
            "hit.name:": "eL33",
            "hit.evalue:": 4.886677369037465e-20,
            "hit.score:": 64.96623992919922
        }
    ],
    "LG0": [
        {
            "hit.name:": "eL8",
            "hit.evalue:": 1.18764357249832e-55,
            "hit.score:": 181.85958862304688
        },
        {
            "hit.name:": "eS12",
            "hit.evalue:": 3.319220432412711e-08,
            "hit.score:": 26.568206787109375
        }
    ],
    "LGG": [
        {
            "hit.name:": "eL34",
            "hit.evalue:": 6.420353651451293e-36,
            "hit.score:": 116.4856948852539
        }
    ],
    "LH0": [
        {
            "hit.name:": "uL6",
            "hit.evalue:": 1.2079293679050289e-49,
            "hit.score:": 161.82723999023438
        }
    ],
    "LHH": [
        {
            "hit.name:": "uL29",
            "hit.evalue:": 8.688920086493155e-09,
            "hit.score:": 28.92228126525879
        }
    ],
    "LI0": [
        {
            "hit.name:": "uL16",
            "hit.evalue:": 1.3447251421310447e-101,
            "hit.score:": 332.0014953613281
        }
    ],
    "LII": [
        {
            "hit.name:": "eL36",
            "hit.evalue:": 4.523173829301211e-19,
            "hit.score:": 62.17565155029297
        }
    ],
    "LJ0": [
        {
            "hit.name:": "uL5",
            "hit.evalue:": 1.3870677985455415e-85,
            "hit.score:": 278.6355895996094
        }
    ],
    "LJJ": [
        {
            "hit.name:": "eL37",
            "hit.evalue:": 5.919605504851969e-25,
            "hit.score:": 80.55569458007812
        }
    ],
    "LL0": [
        {
            "hit.name:": "eL13",
            "hit.evalue:": 1.2503996870688414e-46,
            "hit.score:": 152.64881896972656
        }
    ],
    "LLL": [
        {
            "hit.name:": "eL39",
            "hit.evalue:": 6.779775254340784e-13,
            "hit.score:": 41.790531158447266
        }
    ],
    "LM0": [
        {
            "hit.name:": "eL14",
            "hit.evalue:": 0.0024961615984465946,
            "hit.score:": 11.320677757263184
        }
    ],
    "LMM": [
        {
            "hit.name:": "eL40",
            "hit.evalue:": 4.8480582209569176e-26,
            "hit.score:": 84.6476058959961
        },
        {
            "hit.name:": "eS31",
            "hit.evalue:": 1.3695698885765928e-07,
            "hit.score:": 24.856979370117188
        }
    ],
    "LN0": [
        {
            "hit.name:": "eL15",
            "hit.evalue:": 5.741472464696537e-81,
            "hit.score:": 264.3033447265625
        }
    ],
    "LO0": [
        {
            "hit.name:": "uL13",
            "hit.evalue:": 4.5852686248256473e-51,
            "hit.score:": 166.52415466308594
        }
    ],
    "LOO": [
        {
            "hit.name:": "eL42",
            "hit.evalue:": 2.007753909761385e-38,
            "hit.score:": 124.61479949951172
        }
    ],
    "LP0": [
        {
            "hit.name:": "uL22",
            "hit.evalue:": 1.5733045411443413e-54,
            "hit.score:": 177.4354705810547
        }
    ],
    "LPP": [
        {
            "hit.name:": "eL43",
            "hit.evalue:": 2.126686972832936e-30,
            "hit.score:": 98.14936828613281
        }
    ],
    "LQ0": [
        {
            "hit.name:": "eL18",
            "hit.evalue:": 5.3083704965802355e-39,
            "hit.score:": 126.986328125
        }
    ],
    "LR0": [
        {
            "hit.name:": "eL19",
            "hit.evalue:": 5.285129510530878e-51,
            "hit.score:": 166.3651123046875
        }
    ],
    "LS0": [
        {
            "hit.name:": "eL20",
            "hit.evalue:": 3.678474258885009e-35,
            "hit.score:": 114.47276306152344
        }
    ],
    "LT0": [
        {
            "hit.name:": "eL21",
            "hit.evalue:": 1.4902663590193678e-50,
            "hit.score:": 164.52915954589844
        }
    ],
    "LU0": [
        {
            "hit.name:": "eL22",
            "hit.evalue:": 4.077546108140419e-29,
            "hit.score:": 94.35847473144531
        }
    ],
    "LV0": [
        {
            "hit.name:": "uL14",
            "hit.evalue:": 1.4377902299479493e-51,
            "hit.score:": 167.31239318847656
        }
    ],
    "LW0": [
        {
            "hit.name:": "eL24",
            "hit.evalue:": 3.133113111987737e-12,
            "hit.score:": 40.12599563598633
        }
    ],
    "LX0": [
        {
            "hit.name:": "uL23",
            "hit.evalue:": 1.7352475851189866e-23,
            "hit.score:": 76.4278793334961
        }
    ],
    "LY0": [
        {
            "hit.name:": "uL24",
            "hit.evalue:": 1.267058773739613e-37,
            "hit.score:": 122.53855895996094
        }
    ],
    "LZ0": [
        {
            "hit.name:": "eL27",
            "hit.evalue:": 7.145055429291032e-11,
            "hit.score:": 35.80538558959961
        }
    ],
    "SA0": [
        {
            "hit.name:": "uS2",
            "hit.evalue:": 1.1352439526975166e-71,
            "hit.score:": 234.1602020263672
        }
    ],
    "SAA": [
        {
            "hit.name:": "eS26",
            "hit.evalue:": 4.986295794163125e-43,
            "hit.score:": 139.63735961914062
        }
    ],
    "SB0": [
        {
            "hit.name:": "eS1",
            "hit.evalue:": 1.8887808951436783e-55,
            "hit.score:": 181.2930450439453
        }
    ],
    "SBB": [
        {
            "hit.name:": "eS27",
            "hit.evalue:": 1.285580135678472e-25,
            "hit.score:": 82.53050994873047
        }
    ],
    "SC0": [
        {
            "hit.name:": "uS5",
            "hit.evalue:": 5.487389755134611e-84,
            "hit.score:": 274.4186096191406
        }
    ],
    "SCC": [
        {
            "hit.name:": "eS28",
            "hit.evalue:": 2.7178630231081496e-14,
            "hit.score:": 46.35328674316406
        }
    ],
    "SD0": [
        {
            "hit.name:": "uS3",
            "hit.evalue:": 3.938528946020085e-59,
            "hit.score:": 192.8682403564453
        }
    ],
    "SDD": [
        {
            "hit.name:": "uS14",
            "hit.evalue:": 1.8720372017657293e-21,
            "hit.score:": 69.08248138427734
        }
    ],