{
    "A1": [
        {
            "hit.name:": "eL15",
            "hit.evalue:": 5.741894144268616e-147,
            "hit.score:": 480.1796875
        }
    ],
    "J1": [
        {
            "hit.name:": "eL24",
            "hit.evalue:": 8.540204309826358e-49,
            "hit.score:": 159.09620666503906
        }
    ],
    "K1": [
        {
            "hit.name:": "uL23",
            "hit.evalue:": 1.257345076947654e-82,
            "hit.score:": 268.96453857421875
        }
    ],
    "L1": [
        {
            "hit.name:": "uL24",
            "hit.evalue:": 1.6040001828353684e-92,
            "hit.score:": 300.55328369140625
        }
    ],
    "M1": [
        {
            "hit.name:": "eL27",
            "hit.evalue:": 5.32984089821185e-94,
            "hit.score:": 304.7760314941406
        }
    ],
    "N1": [
        {
            "hit.name:": "uL15",
            "hit.evalue:": 3.3507613316029706e-102,
            "hit.score:": 332.4454345703125
        }
    ],
    "O1": [
        {
            "hit.name:": "eL29",
            "hit.evalue:": 5.949296799121821e-74,
            "hit.score:": 241.68850708007812
        }
    ],
    "P1": [
        {
            "hit.name:": "eL30",
            "hit.evalue:": 2.665616672990171e-63,
            "hit.score:": 204.15982055664062
        }
    ],
    "Q1": [
        {
            "hit.name:": "eL31",
            "hit.evalue:": 1.1682959160466588e-75,
            "hit.score:": 244.90203857421875
        }
    ],
    "R1": [
        {
            "hit.name:": "eL32",
            "hit.evalue:": 9.01548285264605e-90,
            "hit.score:": 291.0035095214844
        }
    ],
    "S1": [
        {
            "hit.name:": "eL33",
            "hit.evalue:": 8.983416327976687e-79,
            "hit.score:": 254.1046600341797
        }
    ],
    "B1": [
        {
            "hit.name:": "uL13",
            "hit.evalue:": 1.6744636998095055e-134,
            "hit.score:": 439.24249267578125
        }
    ],
    "T1": [
        {
            "hit.name:": "eL34",
            "hit.evalue:": 6.303799408929353e-42,
            "hit.score:": 135.93283081054688
        },
        {
            "hit.name:": "uS14",
            "hit.evalue:": 0.0005594689889250717,
            "hit.score:": 13.335999488830566
        }
    ],
    "U1": [
        {
            "hit.name:": "uL29",
            "hit.evalue:": 6.292061990944076e-78,
            "hit.score:": 252.51039123535156
        }
    ],
    "V1": [
        {
            "hit.name:": "eL36",
            "hit.evalue:": 1.8520722912113638e-68,
            "hit.score:": 220.62515258789062
        }
    ],
    "W1": [
        {
            "hit.name:": "eL37",
            "hit.evalue:": 1.8507643964923135e-59,
            "hit.score:": 191.58755493164062
        }
    ],
    "X1": [
        {
            "hit.name:": "eL38",
            "hit.evalue:": 2.0087625736786682e-50,
            "hit.score:": 161.9392547607422
        }
    ],
    "Y1": [
        {
            "hit.name:": "eL39",
            "hit.evalue:": 6.367360247537706e-39,
            "hit.score:": 125.27743530273438
        }
    ],
    "Z1": [
        {
            "hit.name:": "eL40",
            "hit.evalue:": 2.732950989486772e-35,
            "hit.score:": 114.56354522705078
        }
    ],
    "a1": [
        {
            "hit.name:": "eL41",
            "hit.evalue:": 3.883042899401364e-15,
            "hit.score:": 48.96211242675781
        }
    ],
    "b1": [
        {
            "hit.name:": "eL42",
            "hit.evalue:": 7.85059136652184e-72,
            "hit.score:": 232.06309509277344
        }
    ],
    "c1": [
        {
            "hit.name:": "eL43",
            "hit.evalue:": 1.1468576189286285e-64,
            "hit.score:": 208.01747131347656
        }
    ],
    "C1": [
        {
            "hit.name:": "uL22",
            "hit.evalue:": 1.2838010017210523e-112,
            "hit.score:": 366.8619384765625
        }
    ],
    "d1": [
        {
            "hit.name:": "eL28",
            "hit.evalue:": 8.755504711351462e-84,
            "hit.score:": 271.93316650390625
        }
    ],
    "e1": [
        {
            "hit.name:": "uL10",
            "hit.evalue:": 4.8239322402792215e-142,
            "hit.score:": 465.8678894042969
        }
    ],
    "f1": [
        {
            "hit.name:": "uL11",
            "hit.evalue:": 6.847537653944071e-107,
            "hit.score:": 347.8700866699219
        }
    ],
    "l1": [
        {
            "hit.name:": "uL1",
            "hit.evalue:": 1.809795613634341e-145,
            "hit.score:": 475.4794006347656
        }
    ],
    "n1": [],
    "D1": [
        {
            "hit.name:": "eL18",
            "hit.evalue:": 5.809247462349906e-127,
            "hit.score:": 413.74481201171875
        }
    ],
    "B3": [
        {
            "hit.name:": "uS2",
            "hit.evalue:": 2.3860224999316988e-157,
            "hit.score:": 515.9319458007812
        }
    ],
    "C3": [
        {
            "hit.name:": "eS1",
            "hit.evalue:": 2.3856213463372855e-155,
            "hit.score:": 509.1803894042969
        }
    ],
    "D3": [
        {
            "hit.name:": "uS5",
            "hit.evalue:": 9.036164990238654e-160,
            "hit.score:": 523.683837890625
        }
    ],
    "E3": [
        {
            "hit.name:": "uS3",
            "hit.evalue:": 1.0219352765487153e-162,
            "hit.score:": 532.2317504882812
        }
    ],
    "F3": [
        {
            "hit.name:": "eS4",
            "hit.evalue:": 1.7210481580385555e-185,
            "hit.score:": 607.3246459960938
        }
    ],
    "G3": [
        {
            "hit.name:": "uS7",
            "hit.evalue:": 1.617083420487927e-138,
            "hit.score:": 452.1469421386719
        }
    ],
    "H3": [
        {
            "hit.name:": "eS6",
            "hit.evalue:": 3.2161854285994387e-164,
            "hit.score:": 537.3856811523438
        }
    ],
    "I3": [
        {
            "hit.name:": "eS7",
            "hit.evalue:": 2.4320682636741853e-122,
            "hit.score:": 398.9167175292969
        },
        {
            "hit.name:": "uS10",
            "hit.evalue:": 0.0006740048654265145,
            "hit.score:": 13.35738754272461
        },
        {
            "hit.name:": "bL32",
            "hit.evalue:": 0.0008934671063527836,
            "hit.score:": 13.005061149597168
        }
    ],
    "E1": [
        {
            "hit.name:": "eL19",
            "hit.evalue:": 4.925650402756783e-123,
            "hit.score:": 401.3777770996094
        }
    ],
    "J3": [
        {
            "hit.name:": "eS8",
            "hit.evalue:": 4.6281924959065425e-147,
            "hit.score:": 480.1436767578125
        }
    ],
    "K3": [
        {
            "hit.name:": "uS4",
            "hit.evalue:": 1.1320466423807545e-127,
            "hit.score:": 416.8015441894531
        }
    ],
    "L3": [
        {
            "hit.name:": "eS10",
            "hit.evalue:": 1.9807865083987356e-69,
            "hit.score:": 225.9941864013672
        }
    ],
    "M3": [
        {
            "hit.name:": "uS17",
            "hit.evalue:": 1.9657361364610803e-108,
            "hit.score:": 352.3681640625
        }
    ],
    "N3": [
        {
            "hit.name:": "eS12",
            "hit.evalue:": 5.015946862067541e-82,
            "hit.score:": 265.7276611328125
        }
    ],
    "O3": [
        {
            "hit.name:": "uS15",
            "hit.evalue:": 7.992535513211114e-106,
            "hit.score:": 344.06854248046875
        }
    ],
    "P3": [
        {
            "hit.name:": "uS11",
            "hit.evalue:": 3.1398776304189115e-97,
            "hit.score:": 315.6778564453125
        }
    ],
    "Q3": [
        {
            "hit.name:": "uS19",
            "hit.evalue:": 1.2229782387836332e-92,
            "hit.score:": 300.4058837890625
        }
    ],