{"ptc": [218.2935028076172, 193.64199829101562, 202.60449981689453], "exit_port": [220.5467529296875, 131.8460693359375, 233.1412353515625]}