{"ptc": [177.6624984741211, 204.7385025024414, 197.31099700927734], "exit_port": [168.35797119140625, 266.2501220703125, 173.33175659179688]}