{"ptc": [-23.100000381469727, 113.88850021362305, 162.06849670410156], "exit_port": [27.192991256713867, 144.82449340820312, 197.49624633789062]}