{"ptc": [84.48550033569336, -44.76849937438965, -84.61999893188477], "exit_port": [32.771629333496094, -63.415550231933594, -124.78325653076172]}