{"ptc": [-21.795499801635742, 116.7400016784668, 164.69449615478516], "exit_port": [30.373361587524414, 151.31468200683594, 193.6533660888672]}