{"ptc": [85.40349960327148, -44.69099998474121, -84.45650100708008], "exit_port": [33.94267272949219, -63.45589828491211, -123.8154296875]}