{"ptc": [-57.145999908447266, -7.762999892234802, 64.78449821472168], "exit_port": [-14.319737434387207, 46.83036804199219, 68.4419174194336]}