{"ptc": [-22.979999542236328, 115.36849975585938, 163.1929931640625], "exit_port": [26.075895309448242, 146.1615753173828, 198.13775634765625]}