{"ptc": [20.087499618530273, -1.5500001013278961, -9.743500351905823], "exit_port": [84.60072326660156, -11.508523941040039, 12.964696884155273]}