{"ptc": [198.96149444580078, 190.06900024414062, 177.9615020751953], "exit_port": [195.60409545898438, 250.25267028808594, 139.37400817871094]}