{"ptc": [-22.91450023651123, 114.68500137329102, 163.30149841308594], "exit_port": [28.025611877441406, 147.69805908203125, 197.233642578125]}