{"ptc": [224.42499542236328, 536.0650024414062, 122.47200012207031], "exit_port": [158.06576538085938, 550.651123046875, 135.6495819091797]}