{"ptc": [3.359999895095825, 5.013499855995178, -14.970499753952026], "exit_port": [56.312522888183594, -24.629230499267578, 17.668346405029297]}