{"ptc": [219.65349578857422, 192.38949584960938, 182.52349853515625], "exit_port": [282.47528076171875, 184.34625244140625, 205.91098022460938]}