{"ptc": [282.9205017089844, 470.375, 294.1084899902344], "exit_port": [312.78466796875, 515.6259765625, 336.9062194824219]}