{"ptc": [166.9134979248047, 205.9844970703125, 183.51250457763672], "exit_port": [131.36207580566406, 250.48153686523438, 226.7972412109375]}