{"ptc": [28.707500457763672, 276.65550231933594, -1.3245000839233398], "exit_port": [79.68161010742188, 311.32421875, -31.483871459960938]}