{"ptc": [28.476999282836914, 276.6324920654297, -1.551499843597412], "exit_port": [79.41815185546875, 311.1794128417969, -31.906957626342773]}