{"ptc": [192.08900451660156, 217.1989974975586, 206.94650268554688], "exit_port": [138.81280517578125, 263.3575439453125, 200.8664093017578]}