{"ptc": [76.23400115966797, -51.589500427246094, -2.1454999446868896], "exit_port": [24.816905975341797, -85.1947021484375, -32.60895538330078]}