{"ptc": [268.4179992675781, 257.7105026245117, 268.29649353027344], "exit_port": [317.9259033203125, 279.0257568359375, 222.0495147705078]}