{"ptc": [214.9905014038086, 188.03350067138672, 177.89949798583984], "exit_port": [278.052734375, 179.08026123046875, 201.6247100830078]}