{"ptc": [194.92849731445312, 226.78599548339844, 210.44499969482422], "exit_port": [185.12738037109375, 287.5078125, 180.6831817626953]}