{"ptc": [403.4154968261719, 307.9615020751953, 264.19200134277344], "exit_port": [460.0598449707031, 291.9028625488281, 302.73089599609375]}