{"ptc": [76.23600006103516, -52.232500076293945, -2.177999973297119], "exit_port": [24.527170181274414, -85.74595642089844, -32.87532424926758]}