{"ptc": [200.62999725341797, 223.1945037841797, 188.6185073852539], "exit_port": [227.52194213867188, 254.7618865966797, 135.1756591796875]}