{
  "voxel_size_A": 0.5,
  "roi_pad_A": 10.0,
  "atom_radius_A": 2.5,
  "keep_within_A": 6.0,
  "boundary_points_total": 109573,
  "boundary_points_used_for_dbscan": 109573,
  "dbscan_coarse": {
    "eps_A": 3.0,
    "min_samples": 30,
    "best_label": 0,
    "n_clusters": 2,
    "clusters": [
      {
        "label": 0,
        "size": 109385,
        "median_dist_to_stage50_A": 0.707105432509261,
        "p05_dist_to_stage50_A": 1.2961289082472956e-05,
        "p95_dist_to_stage50_A": 5.0249387595111354
      },
      {
        "label": 1,
        "size": 74,
        "median_dist_to_stage50_A": 5.220160813297303,
        "p05_dist_to_stage50_A": 4.50000791550348,
        "p95_dist_to_stage50_A": 5.852357793541163
      }
    ]
  },
  "dbscan_refine": {
    "eps_A": 3.0,
    "min_samples": 20,
    "best_label": 0,
    "n_clusters": 1,
    "clusters": [
      {
        "label": 0,
        "size": 109385,
        "median_dist_to_stage50_A": 0.707105432509261,
        "p05_dist_to_stage50_A": 1.2961289082472956e-05,
        "p95_dist_to_stage50_A": 5.0249387595111354
      }
    ]
  },
  "final_surface_points": 109385
}