{"ptc": [211.28700256347656, 184.69649505615234, 174.6310043334961], "exit_port": [275.13482666015625, 176.85186767578125, 195.7376251220703]}