{"ptc": [-23.772500038146973, 115.5094985961914, 163.01100158691406], "exit_port": [26.417831420898438, 146.41969299316406, 199.17971801757812]}