{"ptc": [-75.62650299072266, -52.517499923706055, 2.92900013923645], "exit_port": [-25.312314987182617, -88.52426147460938, 34.73168182373047]}