{"ptc": [-56.8804988861084, -8.922000169754028, 64.81599998474121], "exit_port": [-14.689820289611816, 46.385623931884766, 67.2054672241211]}