{"ptc": [-56.4265022277832, -8.924500107765198, 64.82599830627441], "exit_port": [-13.82194709777832, 45.96072769165039, 67.09696960449219]}