{"ptc": [23.061500549316406, -3.9090001583099365, -12.924000024795532], "exit_port": [86.1586685180664, -12.80870246887207, 12.7179536819458]}