{"ptc": [20.65000009536743, -2.5140000581741333, -12.748499631881714], "exit_port": [87.25935363769531, -12.810565948486328, 10.331256866455078]}