{"ptc": [199.8419952392578, 184.37049865722656, 174.7385025024414], "exit_port": [195.19480895996094, 243.86318969726562, 135.5525665283203]}