{"ptc": [40.80699920654297, -161.1520004272461, 103.96200180053711], "exit_port": [-24.349151611328125, -182.07833862304688, 121.63558197021484]}