{"ptc": [41.48500061035156, -160.0885009765625, 105.1505012512207], "exit_port": [-24.316848754882812, -181.21148681640625, 121.41650390625]}