{"ptc": [77.19350051879883, -52.52400016784668, -2.7275002002716064], "exit_port": [25.612777709960938, -86.4406509399414, -33.290035247802734]}