{"ptc": [76.76499938964844, -52.3435001373291, -2.694999933242798], "exit_port": [25.157630920410156, -85.92768859863281, -33.043060302734375]}