{"ptc": [28.49400043487549, 277.86700439453125, -1.246999740600586], "exit_port": [77.76625061035156, 315.354736328125, -32.992706298828125]}