{"ptc": [-20.534500122070312, 114.01850128173828, 162.48900604248047], "exit_port": [31.318279266357422, 145.66461181640625, 193.296630859375]}