{"ptc": [180.80699920654297, 173.3385009765625, 146.29700469970703], "exit_port": [183.1485137939453, 230.16831970214844, 110.61956787109375]}