{"ptc": [-77.06949996948242, -52.19300079345703, 1.7094998359680176], "exit_port": [-25.133132934570312, -85.75628662109375, 32.07412338256836]}