{"ptc": [28.19499969482422, 274.47499084472656, -1.429999828338623], "exit_port": [78.74620056152344, 309.1001281738281, -31.839462280273438]}