{"ptc": [76.5364990234375, -52.359500885009766, -2.3545002937316895], "exit_port": [24.916301727294922, -86.23370361328125, -33.064876556396484]}