{"ptc": [-70.64800262451172, -50.861000061035156, -1.6370000839233398], "exit_port": [-20.548412322998047, -80.64888000488281, 32.65644836425781]}