{"ptc": [180.35400390625, 172.1884994506836, 145.45000457763672], "exit_port": [181.45516967773438, 231.0257568359375, 109.57514953613281]}