{"ptc": [179.83200073242188, 172.82450103759766, 144.33300018310547], "exit_port": [178.357666015625, 229.54269409179688, 106.5972671508789]}