{"ptc": [205.0540008544922, 224.79850006103516, 218.10900115966797], "exit_port": [186.07107543945312, 297.0028076171875, 185.2960205078125]}