{"ptc": [236.73350524902344, 199.32450103759766, 215.39049530029297], "exit_port": [262.3001708984375, 140.5321807861328, 235.40721130371094]}