{"ptc": [207.91299438476562, 190.09950256347656, 180.37950134277344], "exit_port": [271.135498046875, 178.66787719726562, 206.21920776367188]}