{"ptc": [76.15750122070312, -52.10249900817871, -2.495000123977661], "exit_port": [24.643138885498047, -85.83267974853516, -32.8650016784668]}