{"ptc": [184.9394989013672, 216.89800262451172, 201.13099670410156], "exit_port": [172.2649383544922, 276.7860412597656, 173.03952026367188]}