{"ptc": [76.40450286865234, -52.0625, -2.373500108718872], "exit_port": [25.032520294189453, -85.91454315185547, -32.945926666259766]}