{"ptc": [-23.600500106811523, 116.72850036621094, 164.45399475097656], "exit_port": [27.23746109008789, 147.0301055908203, 199.647705078125]}