{"ptc": [29.105000495910645, 274.69049072265625, -2.619999885559082], "exit_port": [79.84577941894531, 309.0386962890625, -33.176334381103516]}