{"ptc": [248.9654998779297, 228.88199615478516, 232.2405014038086], "exit_port": [312.809326171875, 244.8243408203125, 210.07415771484375]}