{"ptc": [192.2324981689453, 217.0580062866211, 206.99100494384766], "exit_port": [138.56048583984375, 263.4342346191406, 200.67593383789062]}