{"ptc": [262.4735107421875, 286.49049377441406, 248.88800048828125], "exit_port": [293.85284423828125, 320.0748291015625, 194.83819580078125]}