{"ptc": [242.92650604248047, 240.90149688720703, 242.9029998779297], "exit_port": [182.20651245117188, 211.9892578125, 248.94107055664062]}