{"ptc": [213.75749969482422, 188.06800079345703, 177.88700103759766], "exit_port": [276.9503173828125, 179.37734985351562, 201.73916625976562]}