{"ptc": [213.90599822998047, 187.8834991455078, 177.83300018310547], "exit_port": [277.1939392089844, 179.69764709472656, 201.7718505859375]}