{"ptc": [75.93899917602539, -52.01150131225586, -2.3445000648498535], "exit_port": [24.65463638305664, -85.55233764648438, -32.31156539916992]}