{"ptc": [185.45050048828125, 170.7770004272461, 194.1685028076172], "exit_port": [134.98345947265625, 142.2860565185547, 231.45584106445312]}