{"ptc": [167.8219985961914, 148.50999450683594, 177.58499908447266], "exit_port": [116.8706283569336, 116.2314453125, 146.92807006835938]}