{"ptc": [236.4250030517578, 218.80249786376953, 216.03050231933594], "exit_port": [286.6488037109375, 194.0498046875, 254.67173767089844]}