{"ptc": [235.7125015258789, 218.9929962158203, 215.79999542236328], "exit_port": [285.95477294921875, 194.68304443359375, 254.84280395507812]}