{"ptc": [196.53799438476562, 184.4334945678711, 155.02249908447266], "exit_port": [205.41275024414062, 245.7384033203125, 119.52017211914062]}