{"ptc": [332.8659973144531, 301.7225036621094, 306.9735107421875], "exit_port": [390.29296875, 331.2123107910156, 284.8746032714844]}