{"ptc": [192.85050201416016, 220.94449615478516, 211.56000518798828], "exit_port": [182.49267578125, 281.52239990234375, 181.05052185058594]}