{"ptc": [184.6550064086914, 181.68549346923828, 151.68699645996094], "exit_port": [175.83731079101562, 239.17398071289062, 118.17279052734375]}