{"ptc": [76.08149719238281, -52.20249938964844, -2.320000171661377], "exit_port": [24.523303985595703, -85.57643127441406, -32.794898986816406]}