{"ptc": [211.93900299072266, 195.8144989013672, 186.42599487304688], "exit_port": [261.30389404296875, 172.23544311523438, 225.4725341796875]}