{"ptc": [193.48049926757812, 224.10050201416016, 209.69550323486328], "exit_port": [179.19573974609375, 286.7747802734375, 179.526611328125]}