{"ptc": [169.8300018310547, 182.79800415039062, 183.2229995727539], "exit_port": [122.33970642089844, 222.23056030273438, 150.42527770996094]}