{"ptc": [76.50250244140625, -52.24100112915039, -2.3020002841949463], "exit_port": [24.868501663208008, -85.93540954589844, -32.864830017089844]}