{
  "frame": "C0",
  "origin": [
    -43.000003814697266,
    -42.00000762939453,
    -10.000005722045898
  ],
  "voxel_size_A": 0.5,
  "shape": [
    176,
    174,
    230
  ],
  "transform": {
    "ptc": [
      178.0478973388672,
      149.04171752929688,
      165.43482971191406
    ],
    "constriction": [
      154.69259643554688,
      136.29559326171875,
      162.95428466796875
    ]
  }
}