{
  "watertight": true,
  "n_points": 3332,
  "n_faces": 6660,
  "open_edges": 0,
  "is_manifold": true,
  "bounds": [
    72.67195129394531,
    293.14764404296875,
    55.034671783447266,
    305.72564697265625,
    52.95391845703125,
    320.61309814453125
  ]
}