{"ptc": [54.16950035095215, 121.64250183105469, 121.47800064086914], "exit_port": [-16.269250869750977, 136.52691650390625, 128.0082550048828]}