{"ptc": [54.57400131225586, 120.8594970703125, 120.65549850463867], "exit_port": [-16.199251174926758, 136.4169158935547, 128.21824645996094]}