{"ptc": [-23.772500038146973, 115.75350189208984, 162.84449768066406], "exit_port": [26.549694061279297, 146.56808471679688, 199.22325134277344]}