{"ptc": [76.29700088500977, -52.16550064086914, -2.3980000019073486], "exit_port": [24.651552200317383, -85.97679138183594, -33.01021957397461]}