{"ptc": [186.0084991455078, 210.2154998779297, 200.19700622558594], "exit_port": [176.4896240234375, 269.90960693359375, 170.82391357421875]}