{"ptc": [187.81900024414062, 209.99600219726562, 200.2169952392578], "exit_port": [179.30545043945312, 269.7741394042969, 170.38687133789062]}