{"ptc": [188.22899627685547, 210.239501953125, 200.25550079345703], "exit_port": [179.474853515625, 269.8656311035156, 170.65673828125]}