{"ptc": [300.67999267578125, 281.11900329589844, 276.4209899902344], "exit_port": [358.07464599609375, 275.3325500488281, 331.97943115234375]}