{"ptc": [54.804500579833984, 123.36749649047852, 121.67399978637695], "exit_port": [-11.78437328338623, 137.87353515625, 135.2324676513672]}