{"ptc": [-23.59149932861328, 114.57450103759766, 163.98650360107422], "exit_port": [26.731544494628906, 145.4679412841797, 200.04461669921875]}