{"ptc": [-23.04949951171875, 114.17350006103516, 162.98500061035156], "exit_port": [27.658790588378906, 145.27926635742188, 198.60641479492188]}