{"ptc": [-70.89650344848633, -50.731000900268555, -1.2955000400543213], "exit_port": [-21.039772033691406, -80.48848724365234, 33.21763610839844]}