{"ptc": [158.4780044555664, 61.441497802734375, 93.58250045776367], "exit_port": [217.87060546875, 30.964248657226562, 127.01058959960938]}