{"ptc": [-170.46199798583984, 20.90049934387207, -82.8115005493164], "exit_port": [-192.08737182617188, 70.13729095458984, -36.43252182006836]}