{"ptc": [-10.741499900817871, -7.2795000076293945, 14.980000019073486], "exit_port": [20.820026397705078, -2.902836799621582, 81.4852523803711]}