{"ptc": [84.49850082397461, -44.78249931335449, -84.64649963378906], "exit_port": [32.656707763671875, -63.42953109741211, -124.8747787475586]}