{"ptc": [281.9615020751953, 84.06800079345703, 82.34550094604492], "exit_port": [326.443359375, 59.14989471435547, 33.191532135009766]}