{"ptc": [281.802490234375, 84.09600067138672, 81.62950134277344], "exit_port": [326.53887939453125, 58.815391540527344, 33.07863235473633]}