{"ptc": [23.80799961090088, -2.0654999017715454, -13.036999940872192], "exit_port": [86.56208801269531, -14.6484956741333, 8.327250480651855]}