{"ptc": [200.17250061035156, 200.3584976196289, 175.12249755859375], "exit_port": [197.6343231201172, 258.5855712890625, 138.64315795898438]}