{"ptc": [197.7554931640625, 191.41099548339844, 176.24449920654297], "exit_port": [199.14266967773438, 250.48516845703125, 138.98287963867188]}