{"ptc": [-74.8740005493164, -51.99800109863281, 3.005499839782715], "exit_port": [-25.007965087890625, -89.39384460449219, 33.113677978515625]}