{"ptc": [76.48699951171875, -52.17099952697754, -2.258000135421753], "exit_port": [24.523273468017578, -86.21867370605469, -33.29510498046875]}