{"ptc": [166.5009994506836, 245.2249984741211, 41.47649955749512], "exit_port": [160.3763427734375, 311.79168701171875, 31.817394256591797]}