{"ptc": [-22.880000114440918, 116.11299896240234, 164.385498046875], "exit_port": [29.060306549072266, 149.07843017578125, 197.41275024414062]}