{"ptc": [75.91650009155273, -52.122501373291016, -2.5349998474121094], "exit_port": [24.386356353759766, -85.9166259765625, -33.23990249633789]}