{"ptc": [28.51949977874756, 276.2570037841797, -1.875000238418579], "exit_port": [77.85023498535156, 311.08660888671875, -33.15959548950195]}