{"ptc": [28.519999504089355, 275.56199645996094, -1.5180001258850098], "exit_port": [77.79379272460938, 310.38824462890625, -33.03229522705078]}