{"ptc": [28.582500457763672, 276.5084991455078, -1.6324996948242188], "exit_port": [77.88870239257812, 311.44146728515625, -33.27748107910156]}