{"ptc": [28.27750015258789, 276.8395080566406, -1.436499834060669], "exit_port": [77.87469482421875, 311.7105712890625, -32.69059371948242]}