{"ptc": [-23.388500213623047, 114.17749786376953, 161.0865020751953], "exit_port": [28.216888427734375, 147.39151000976562, 193.7257080078125]}