{"ptc": [-3.0295000076293945, 24.95300006866455, 13.89299988746643], "exit_port": [-13.935555458068848, 91.12910461425781, -8.854269027709961]}