{"ptc": [54.31999969482422, 124.36199951171875, 122.59650039672852], "exit_port": [-12.330480575561523, 139.14381408691406, 136.2057647705078]}