{"ptc": [54.07349967956543, 124.59399795532227, 122.54199981689453], "exit_port": [-12.550482749938965, 139.49363708496094, 135.79425048828125]}