{"ptc": [28.420499801635742, 275.58750915527344, -1.1949996948242188], "exit_port": [77.58091735839844, 310.5054016113281, -32.627952575683594]}