{"ptc": [235.43599700927734, 229.01100158691406, 236.6554946899414], "exit_port": [301.5376281738281, 244.428955078125, 218.93209838867188]}