{"ptc": [187.92649841308594, 210.33499908447266, 200.22750091552734], "exit_port": [179.41024780273438, 269.614013671875, 170.5513916015625]}