{"ptc": [194.45000457763672, 225.52000427246094, 210.1230010986328], "exit_port": [185.98825073242188, 284.69488525390625, 179.85452270507812]}