{"ptc": [181.5919952392578, 172.35900115966797, 145.7239990234375], "exit_port": [183.96340942382812, 232.14260864257812, 112.64340209960938]}