{"ptc": [300.8059997558594, 281.0664978027344, 276.1265106201172], "exit_port": [358.04718017578125, 276.6453552246094, 331.595947265625]}