{"ptc": [146.64550018310547, 175.80500030517578, 163.36549377441406], "exit_port": [92.62680053710938, 220.46597290039062, 154.41201782226562]}