{"ptc": [76.59500122070312, -52.314998626708984, -2.3405001163482666], "exit_port": [25.01180648803711, -86.28276062011719, -33.257293701171875]}