{"ptc": [205.2239990234375, 179.49200439453125, 164.3655014038086], "exit_port": [269.7833251953125, 165.83726501464844, 180.17788696289062]}