{"ptc": [79.15549850463867, -52.01700019836426, -2.1615002155303955], "exit_port": [27.484426498413086, -86.49755859375, -31.170143127441406]}