{"ptc": [222.23250579833984, 193.7614974975586, 184.39700317382812], "exit_port": [284.74615478515625, 186.76248168945312, 209.368408203125]}