{"ptc": [189.5885009765625, 222.37299346923828, 205.64949798583984], "exit_port": [179.38424682617188, 282.1844482421875, 174.972900390625]}