{"ptc": [184.989501953125, 216.8790054321289, 201.16699981689453], "exit_port": [172.30340576171875, 276.7368469238281, 173.0284423828125]}