{"ptc": [184.89099884033203, 217.07649993896484, 201.13150024414062], "exit_port": [172.31500244140625, 276.8062744140625, 172.9949951171875]}