{"ptc": [184.91799926757812, 216.74349975585938, 202.8134994506836], "exit_port": [172.20608520507812, 279.122314453125, 174.8629913330078]}