{"ptc": [131.24949645996094, 138.90399932861328, 160.73049926757812], "exit_port": [104.13868713378906, 126.348876953125, 95.01058959960938]}