{"ptc": [-23.26349925994873, 114.25299835205078, 162.0675048828125], "exit_port": [29.740079879760742, 144.76637268066406, 193.47262573242188]}