{"ptc": [238.98849487304688, 219.1240005493164, 206.4759979248047], "exit_port": [206.4963836669922, 183.27272033691406, 159.56561279296875]}