{"ptc": [223.8000030517578, 226.2229995727539, 195.4834976196289], "exit_port": [289.12469482421875, 208.3013916015625, 206.81484985351562]}