{"ptc": [229.71800231933594, 197.39649963378906, 221.25350189208984], "exit_port": [198.0509033203125, 137.99343872070312, 227.35372924804688]}