{"ptc": [257.8905029296875, 225.81549835205078, 242.40499877929688], "exit_port": [256.810302734375, 165.94973754882812, 272.92236328125]}