{"ptc": [28.562999725341797, 278.427001953125, -2.0969998836517334], "exit_port": [79.58232879638672, 313.16259765625, -32.65218734741211]}