{"ptc": [215.0009994506836, 188.31099700927734, 178.21299743652344], "exit_port": [277.6849365234375, 179.30319213867188, 202.18360900878906]}