{"ptc": [279.4665069580078, 242.02450561523438, 261.52850341796875], "exit_port": [255.13528442382812, 179.46047973632812, 268.80999755859375]}