{"ptc": [186.00350189208984, 170.99250030517578, 193.46199798583984], "exit_port": [135.97523498535156, 142.6117401123047, 230.57040405273438]}