{"ptc": [170.54500579833984, 166.8574981689453, 187.3144989013672], "exit_port": [113.30410766601562, 157.08270263671875, 223.1534423828125]}