{"ptc": [172.27650451660156, 167.14350128173828, 186.43299865722656], "exit_port": [114.06413269042969, 157.42227172851562, 222.22926330566406]}