{"ptc": [196.16449737548828, 184.55249786376953, 157.4459991455078], "exit_port": [205.31256103515625, 245.85256958007812, 122.50688171386719]}