{"ptc": [195.97249603271484, 184.74600219726562, 157.10250091552734], "exit_port": [205.00003051757812, 246.30056762695312, 122.75883483886719]}