{"ptc": [333.09649658203125, 301.58799743652344, 306.80149841308594], "exit_port": [390.1606140136719, 331.4842529296875, 285.17852783203125]}