{"ptc": [177.12100219726562, 212.12249755859375, 196.43350219726562], "exit_port": [163.82171630859375, 276.7945861816406, 168.76385498046875]}