{"ptc": [240.97000122070312, 208.83699798583984, 198.91000366210938], "exit_port": [302.98004150390625, 197.0177001953125, 225.04241943359375]}