{"ptc": [234.35499572753906, 258.68699645996094, 223.1814956665039], "exit_port": [244.93899536132812, 253.19485473632812, 155.3328094482422]}