{"ptc": [197.85800170898438, 233.0019989013672, 216.3925018310547], "exit_port": [184.78195190429688, 295.80230712890625, 190.51467895507812]}