{"ptc": [193.53399658203125, 223.04349517822266, 209.27850341796875], "exit_port": [178.70138549804688, 284.8707275390625, 178.75709533691406]}