{"ptc": [146.5384979248047, 161.0770034790039, 132.28649520874023], "exit_port": [192.61497497558594, 162.83474731445312, 185.16656494140625]}