{"ptc": [191.02549743652344, 192.67350006103516, 228.5240020751953], "exit_port": [217.60031127929688, 157.00111389160156, 280.824462890625]}