{"ptc": [184.03400421142578, 215.8979949951172, 199.3280029296875], "exit_port": [172.607666015625, 275.9590759277344, 170.96951293945312]}