{"ptc": [167.15249633789062, 155.8144989013672, 181.80650329589844], "exit_port": [106.5047836303711, 136.82130432128906, 156.5797882080078]}